{"episode_steps": 68, "reward_min": 1.0, "step": 4936, "mean_q": 14.244810104370117, "episode_reward": 68.0, "episode": 301, "action_max": 1, "reward_mean": 1.0, "_step": 300, "action_mean": 0.45588235294117646, "action_min": 0, "_timestamp": 1582186227.550476, "duration": 0.4936216999999985, "mae": 7.571995258331299, "sps": 137.75731496407107, "_runtime": 46.24680423736572, "obs_min": -1.0407559105291988, "obs_mean": -0.1367336138088723, "loss": 2.2060420513153076, "obs_max": 0.43856977422672966, "reward_max": 1.0}
