{"reward_min": 1.0, "episode_reward": 88.0, "mae": 7.471385478973389, "obs_min": -0.5604726888761793, "obs_mean": 0.06803772384096123, "sps": 155.6697212131993, "episode_steps": 88, "action_max": 1, "step": 4972, "episode": 306, "action_min": 0, "duration": 0.5652994000000717, "action_mean": 0.5227272727272727, "mean_q": 14.146835327148438, "obs_max": 0.7573168400036189, "loss": 1.6372425556182861, "reward_max": 1.0, "_step": 305, "_runtime": 623.4573562145233, "reward_mean": 1.0, "_timestamp": 1582185456.830838}
